kind	class	method	param	index	uri	field
METHOD	de.gurkenlabs.litiengine.entities.behavior.EntityNavigator	navigate(java.awt.geom.Path2D)	null	null	/Users/nima/Developer/NullAwayFixer/Projects/litiengine/src/de/gurkenlabs/litiengine/entities/behavior/EntityNavigator.java	path
METHOD	de.gurkenlabs.litiengine.entities.behavior.EntityNavigator	navigate(java.awt.geom.Point2D)	null	null	/Users/nima/Developer/NullAwayFixer/Projects/litiengine/src/de/gurkenlabs/litiengine/entities/behavior/EntityNavigator.java	path
METHOD	de.gurkenlabs.litiengine.attributes.Attribute	modifyBaseValue(de.gurkenlabs.litiengine.attributes.AttributeModifier<T>)	null	null	/Users/nima/Developer/NullAwayFixer/Projects/litiengine/src/de/gurkenlabs/litiengine/attributes/Attribute.java	baseValue
METHOD	de.gurkenlabs.litiengine.attributes.Attribute	modifyBaseValue(de.gurkenlabs.litiengine.attributes.Modification,double)	null	null	/Users/nima/Developer/NullAwayFixer/Projects/litiengine/src/de/gurkenlabs/litiengine/attributes/Attribute.java	baseValue
METHOD	de.gurkenlabs.litiengine.attributes.Attribute	setBaseValue(T)	null	null	/Users/nima/Developer/NullAwayFixer/Projects/litiengine/src/de/gurkenlabs/litiengine/attributes/Attribute.java	baseValue
METHOD	de.gurkenlabs.litiengine.entities.EntityAction	setDescription(java.lang.String)	null	null	/Users/nima/Developer/NullAwayFixer/Projects/litiengine/src/de/gurkenlabs/litiengine/entities/EntityAction.java	description
METHOD	de.gurkenlabs.litiengine.environment.Environment	addAmbientLight()	null	null	/Users/nima/Developer/NullAwayFixer/Projects/litiengine/src/de/gurkenlabs/litiengine/environment/Environment.java	ambientLight
METHOD	de.gurkenlabs.litiengine.environment.Environment	addStaticShadows()	null	null	/Users/nima/Developer/NullAwayFixer/Projects/litiengine/src/de/gurkenlabs/litiengine/environment/Environment.java	staticShadowLayer
METHOD	de.gurkenlabs.litiengine.physics.Force	setLocation(java.awt.geom.Point2D)	null	null	/Users/nima/Developer/NullAwayFixer/Projects/litiengine/src/de/gurkenlabs/litiengine/physics/Force.java	location
METHOD	de.gurkenlabs.litiengine.physics.Force	setIdentifier(java.lang.String)	null	null	/Users/nima/Developer/NullAwayFixer/Projects/litiengine/src/de/gurkenlabs/litiengine/physics/Force.java	identifier
METHOD	de.gurkenlabs.litiengine.entities.Entity	getBoundingBox()	null	null	/Users/nima/Developer/NullAwayFixer/Projects/litiengine/src/de/gurkenlabs/litiengine/entities/Entity.java	boundingBox
METHOD	de.gurkenlabs.litiengine.entities.Entity	setLocation(java.awt.geom.Point2D)	null	null	/Users/nima/Developer/NullAwayFixer/Projects/litiengine/src/de/gurkenlabs/litiengine/entities/Entity.java	mapLocation
METHOD	de.gurkenlabs.litiengine.entities.Entity	setName(java.lang.String)	null	null	/Users/nima/Developer/NullAwayFixer/Projects/litiengine/src/de/gurkenlabs/litiengine/entities/Entity.java	name
METHOD	de.gurkenlabs.litiengine.entities.Entity	setRenderType(de.gurkenlabs.litiengine.graphics.RenderType)	null	null	/Users/nima/Developer/NullAwayFixer/Projects/litiengine/src/de/gurkenlabs/litiengine/entities/Entity.java	renderType
METHOD	de.gurkenlabs.litiengine.entities.Entity	loaded(de.gurkenlabs.litiengine.environment.Environment)	null	null	/Users/nima/Developer/NullAwayFixer/Projects/litiengine/src/de/gurkenlabs/litiengine/entities/Entity.java	environment
METHOD	de.gurkenlabs.litiengine.entities.CollisionEntity	setCollisionBoxAlign(de.gurkenlabs.litiengine.Align)	null	null	/Users/nima/Developer/NullAwayFixer/Projects/litiengine/src/de/gurkenlabs/litiengine/entities/CollisionEntity.java	align
METHOD	de.gurkenlabs.litiengine.entities.CollisionEntity	setCollisionBoxValign(de.gurkenlabs.litiengine.Valign)	null	null	/Users/nima/Developer/NullAwayFixer/Projects/litiengine/src/de/gurkenlabs/litiengine/entities/CollisionEntity.java	valign
METHOD	de.gurkenlabs.litiengine.entities.CollisionEntity	refreshCollisionBox()	null	null	/Users/nima/Developer/NullAwayFixer/Projects/litiengine/src/de/gurkenlabs/litiengine/entities/CollisionEntity.java	collisionBox
METHOD	de.gurkenlabs.litiengine.entities.Prop	setMaterial(de.gurkenlabs.litiengine.entities.Material)	null	null	/Users/nima/Developer/NullAwayFixer/Projects/litiengine/src/de/gurkenlabs/litiengine/entities/Prop.java	material
METHOD	de.gurkenlabs.litiengine.entities.Prop	setSpritesheetName(java.lang.String)	null	null	/Users/nima/Developer/NullAwayFixer/Projects/litiengine/src/de/gurkenlabs/litiengine/entities/Prop.java	spritesheetName
METHOD	de.gurkenlabs.litiengine.entities.Prop	setSpriteRotation(de.gurkenlabs.litiengine.entities.Rotation)	null	null	/Users/nima/Developer/NullAwayFixer/Projects/litiengine/src/de/gurkenlabs/litiengine/entities/Prop.java	rotation
METHOD	de.gurkenlabs.litiengine.entities.CombatEntity	setTarget(de.gurkenlabs.litiengine.entities.ICombatEntity)	null	null	/Users/nima/Developer/NullAwayFixer/Projects/litiengine/src/de/gurkenlabs/litiengine/entities/CombatEntity.java	target
METHOD	de.gurkenlabs.litiengine.entities.Creature	setSpritesheetName(java.lang.String)	null	null	/Users/nima/Developer/NullAwayFixer/Projects/litiengine/src/de/gurkenlabs/litiengine/entities/Creature.java	spritesheetName
METHOD	de.gurkenlabs.litiengine.entities.StaticShadow	setShadowType(de.gurkenlabs.litiengine.graphics.StaticShadowType)	null	null	/Users/nima/Developer/NullAwayFixer/Projects/litiengine/src/de/gurkenlabs/litiengine/entities/StaticShadow.java	shadowType
METHOD	de.gurkenlabs.litiengine.entities.LightSource	setColor(java.awt.Color)	null	null	/Users/nima/Developer/NullAwayFixer/Projects/litiengine/src/de/gurkenlabs/litiengine/entities/LightSource.java	color
METHOD	de.gurkenlabs.litiengine.entities.LightSource	setLightShapeType(de.gurkenlabs.litiengine.entities.LightSource.Type)	null	null	/Users/nima/Developer/NullAwayFixer/Projects/litiengine/src/de/gurkenlabs/litiengine/entities/LightSource.java	lightShapeType
METHOD	de.gurkenlabs.litiengine.entities.LightSource	updateShape()	null	null	/Users/nima/Developer/NullAwayFixer/Projects/litiengine/src/de/gurkenlabs/litiengine/entities/LightSource.java	lightShape
METHOD	de.gurkenlabs.litiengine.entities.LightSource	updateShape()	null	null	/Users/nima/Developer/NullAwayFixer/Projects/litiengine/src/de/gurkenlabs/litiengine/entities/LightSource.java	lightShape
METHOD	de.gurkenlabs.litiengine.entities.LightSource	updateShape()	null	null	/Users/nima/Developer/NullAwayFixer/Projects/litiengine/src/de/gurkenlabs/litiengine/entities/LightSource.java	lightShape
METHOD	de.gurkenlabs.litiengine.entities.SoundSource	setSound(java.lang.String)	null	null	/Users/nima/Developer/NullAwayFixer/Projects/litiengine/src/de/gurkenlabs/litiengine/entities/SoundSource.java	sound
METHOD	de.gurkenlabs.litiengine.entities.SoundSource	setSound(de.gurkenlabs.litiengine.sound.Sound)	null	null	/Users/nima/Developer/NullAwayFixer/Projects/litiengine/src/de/gurkenlabs/litiengine/entities/SoundSource.java	sound
METHOD	de.gurkenlabs.litiengine.entities.SoundSource	play()	null	null	/Users/nima/Developer/NullAwayFixer/Projects/litiengine/src/de/gurkenlabs/litiengine/entities/SoundSource.java	playback
METHOD	de.gurkenlabs.litiengine.entities.Spawnpoint	setDirection(de.gurkenlabs.litiengine.Direction)	null	null	/Users/nima/Developer/NullAwayFixer/Projects/litiengine/src/de/gurkenlabs/litiengine/entities/Spawnpoint.java	direction
METHOD	de.gurkenlabs.litiengine.entities.Spawnpoint	setSpawnInfo(java.lang.String)	null	null	/Users/nima/Developer/NullAwayFixer/Projects/litiengine/src/de/gurkenlabs/litiengine/entities/Spawnpoint.java	spawnInfo
METHOD	de.gurkenlabs.litiengine.entities.Spawnpoint	setSpawnPivotType(de.gurkenlabs.litiengine.entities.EntityPivotType)	null	null	/Users/nima/Developer/NullAwayFixer/Projects/litiengine/src/de/gurkenlabs/litiengine/entities/Spawnpoint.java	spawnPivotType
METHOD	de.gurkenlabs.litiengine.entities.Trigger	setMessage(java.lang.String)	null	null	/Users/nima/Developer/NullAwayFixer/Projects/litiengine/src/de/gurkenlabs/litiengine/entities/Trigger.java	message
METHOD	de.gurkenlabs.litiengine.graphics.ColorLayer	setColor(java.awt.Color)	null	null	/Users/nima/Developer/NullAwayFixer/Projects/litiengine/src/de/gurkenlabs/litiengine/graphics/ColorLayer.java	color
METHOD	de.gurkenlabs.litiengine.environment.tilemap.xml.MapObject	setGridId(int)	null	null	/Users/nima/Developer/NullAwayFixer/Projects/litiengine/src/de/gurkenlabs/litiengine/environment/tilemap/xml/MapObject.java	gid
METHOD	de.gurkenlabs.litiengine.environment.tilemap.xml.MapObject	setHeight(float)	null	null	/Users/nima/Developer/NullAwayFixer/Projects/litiengine/src/de/gurkenlabs/litiengine/environment/tilemap/xml/MapObject.java	height
METHOD	de.gurkenlabs.litiengine.environment.tilemap.xml.MapObject	setType(java.lang.String)	null	null	/Users/nima/Developer/NullAwayFixer/Projects/litiengine/src/de/gurkenlabs/litiengine/environment/tilemap/xml/MapObject.java	type
METHOD	de.gurkenlabs.litiengine.environment.tilemap.xml.MapObject	setWidth(float)	null	null	/Users/nima/Developer/NullAwayFixer/Projects/litiengine/src/de/gurkenlabs/litiengine/environment/tilemap/xml/MapObject.java	width
METHOD	de.gurkenlabs.litiengine.environment.tilemap.xml.MapObject	setX(float)	null	null	/Users/nima/Developer/NullAwayFixer/Projects/litiengine/src/de/gurkenlabs/litiengine/environment/tilemap/xml/MapObject.java	x
METHOD	de.gurkenlabs.litiengine.environment.tilemap.xml.MapObject	setX(float)	null	null	/Users/nima/Developer/NullAwayFixer/Projects/litiengine/src/de/gurkenlabs/litiengine/environment/tilemap/xml/MapObject.java	x
METHOD	de.gurkenlabs.litiengine.environment.tilemap.xml.MapObject	setY(float)	null	null	/Users/nima/Developer/NullAwayFixer/Projects/litiengine/src/de/gurkenlabs/litiengine/environment/tilemap/xml/MapObject.java	y
METHOD	de.gurkenlabs.litiengine.environment.tilemap.xml.MapObject	setY(float)	null	null	/Users/nima/Developer/NullAwayFixer/Projects/litiengine/src/de/gurkenlabs/litiengine/environment/tilemap/xml/MapObject.java	y
METHOD	de.gurkenlabs.litiengine.environment.tilemap.xml.MapObject	setPolyline(de.gurkenlabs.litiengine.environment.tilemap.IPolyShape)	null	null	/Users/nima/Developer/NullAwayFixer/Projects/litiengine/src/de/gurkenlabs/litiengine/environment/tilemap/xml/MapObject.java	polyline
METHOD	de.gurkenlabs.litiengine.environment.tilemap.xml.MapObject	setPolygon(de.gurkenlabs.litiengine.environment.tilemap.IPolyShape)	null	null	/Users/nima/Developer/NullAwayFixer/Projects/litiengine/src/de/gurkenlabs/litiengine/environment/tilemap/xml/MapObject.java	polygon
METHOD	de.gurkenlabs.litiengine.environment.tilemap.xml.MapObject	setLayer(de.gurkenlabs.litiengine.environment.tilemap.xml.MapObjectLayer)	null	null	/Users/nima/Developer/NullAwayFixer/Projects/litiengine/src/de/gurkenlabs/litiengine/environment/tilemap/xml/MapObject.java	layer
METHOD	de.gurkenlabs.litiengine.environment.tilemap.xml.CustomPropertyProvider	afterUnmarshal(javax.xml.bind.Unmarshaller,java.lang.Object)	null	null	/Users/nima/Developer/NullAwayFixer/Projects/litiengine/src/de/gurkenlabs/litiengine/environment/tilemap/xml/CustomPropertyProvider.java	properties
METHOD	de.gurkenlabs.litiengine.environment.tilemap.xml.MapObjectLayer	setColor(java.lang.String)	null	null	/Users/nima/Developer/NullAwayFixer/Projects/litiengine/src/de/gurkenlabs/litiengine/environment/tilemap/xml/MapObjectLayer.java	color
METHOD	de.gurkenlabs.litiengine.environment.tilemap.xml.MapObjectLayer	afterUnmarshal(javax.xml.bind.Unmarshaller,java.lang.Object)	null	null	/Users/nima/Developer/NullAwayFixer/Projects/litiengine/src/de/gurkenlabs/litiengine/environment/tilemap/xml/MapObjectLayer.java	objects
METHOD	de.gurkenlabs.litiengine.environment.tilemap.xml.Layer	setName(java.lang.String)	null	null	/Users/nima/Developer/NullAwayFixer/Projects/litiengine/src/de/gurkenlabs/litiengine/environment/tilemap/xml/Layer.java	name
METHOD	de.gurkenlabs.litiengine.environment.tilemap.xml.Layer	setWidth(int)	null	null	/Users/nima/Developer/NullAwayFixer/Projects/litiengine/src/de/gurkenlabs/litiengine/environment/tilemap/xml/Layer.java	width
METHOD	de.gurkenlabs.litiengine.environment.tilemap.xml.Layer	setHeight(int)	null	null	/Users/nima/Developer/NullAwayFixer/Projects/litiengine/src/de/gurkenlabs/litiengine/environment/tilemap/xml/Layer.java	height
METHOD	de.gurkenlabs.litiengine.environment.tilemap.xml.Layer	setOpacity(float)	null	null	/Users/nima/Developer/NullAwayFixer/Projects/litiengine/src/de/gurkenlabs/litiengine/environment/tilemap/xml/Layer.java	opacity
METHOD	de.gurkenlabs.litiengine.environment.tilemap.xml.Layer	setRenderType(de.gurkenlabs.litiengine.graphics.RenderType)	null	null	/Users/nima/Developer/NullAwayFixer/Projects/litiengine/src/de/gurkenlabs/litiengine/environment/tilemap/xml/Layer.java	renderType
METHOD	de.gurkenlabs.litiengine.environment.tilemap.xml.Layer	setVisible(boolean)	null	null	/Users/nima/Developer/NullAwayFixer/Projects/litiengine/src/de/gurkenlabs/litiengine/environment/tilemap/xml/Layer.java	visible
METHOD	de.gurkenlabs.litiengine.environment.tilemap.xml.Layer	setMap(de.gurkenlabs.litiengine.environment.tilemap.xml.TmxMap)	null	null	/Users/nima/Developer/NullAwayFixer/Projects/litiengine/src/de/gurkenlabs/litiengine/environment/tilemap/xml/Layer.java	parentMap
METHOD	de.gurkenlabs.litiengine.environment.tilemap.xml.TmxMap	getOrientation()	null	null	/Users/nima/Developer/NullAwayFixer/Projects/litiengine/src/de/gurkenlabs/litiengine/environment/tilemap/xml/TmxMap.java	mapOrientation
METHOD	de.gurkenlabs.litiengine.environment.tilemap.xml.TmxMap	getTilesets()	null	null	/Users/nima/Developer/NullAwayFixer/Projects/litiengine/src/de/gurkenlabs/litiengine/environment/tilemap/xml/TmxMap.java	tilesets
METHOD	de.gurkenlabs.litiengine.environment.tilemap.xml.TmxMap	setName(java.lang.String)	null	null	/Users/nima/Developer/NullAwayFixer/Projects/litiengine/src/de/gurkenlabs/litiengine/environment/tilemap/xml/TmxMap.java	name
METHOD	de.gurkenlabs.litiengine.environment.tilemap.xml.TmxMap	setPath(java.net.URL)	null	null	/Users/nima/Developer/NullAwayFixer/Projects/litiengine/src/de/gurkenlabs/litiengine/environment/tilemap/xml/TmxMap.java	path
METHOD	de.gurkenlabs.litiengine.environment.tilemap.xml.TmxMap	finish(java.net.URL)	null	null	/Users/nima/Developer/NullAwayFixer/Projects/litiengine/src/de/gurkenlabs/litiengine/environment/tilemap/xml/TmxMap.java	name
METHOD	de.gurkenlabs.litiengine.environment.tilemap.xml.TmxMap	finish(java.net.URL)	null	null	/Users/nima/Developer/NullAwayFixer/Projects/litiengine/src/de/gurkenlabs/litiengine/environment/tilemap/xml/TmxMap.java	path
METHOD	de.gurkenlabs.litiengine.environment.tilemap.xml.TmxMap	setOrientation(de.gurkenlabs.litiengine.environment.tilemap.IMapOrientation)	null	null	/Users/nima/Developer/NullAwayFixer/Projects/litiengine/src/de/gurkenlabs/litiengine/environment/tilemap/xml/TmxMap.java	mapOrientation
METHOD	de.gurkenlabs.litiengine.environment.tilemap.xml.TmxMap	setRenderOrder(de.gurkenlabs.litiengine.environment.tilemap.RenderOrder)	null	null	/Users/nima/Developer/NullAwayFixer/Projects/litiengine/src/de/gurkenlabs/litiengine/environment/tilemap/xml/TmxMap.java	renderorder
METHOD	de.gurkenlabs.litiengine.environment.tilemap.xml.TmxMap	setTiledVersion(java.lang.String)	null	null	/Users/nima/Developer/NullAwayFixer/Projects/litiengine/src/de/gurkenlabs/litiengine/environment/tilemap/xml/TmxMap.java	tiledversion
METHOD	de.gurkenlabs.litiengine.environment.tilemap.xml.TmxMap	setHexSideLength(int)	null	null	/Users/nima/Developer/NullAwayFixer/Projects/litiengine/src/de/gurkenlabs/litiengine/environment/tilemap/xml/TmxMap.java	hexsidelength
METHOD	de.gurkenlabs.litiengine.environment.tilemap.xml.TmxMap	setStaggerAxis(de.gurkenlabs.litiengine.environment.tilemap.StaggerAxis)	null	null	/Users/nima/Developer/NullAwayFixer/Projects/litiengine/src/de/gurkenlabs/litiengine/environment/tilemap/xml/TmxMap.java	staggeraxis
METHOD	de.gurkenlabs.litiengine.environment.tilemap.xml.TmxMap	setStaggerIndex(de.gurkenlabs.litiengine.environment.tilemap.StaggerIndex)	null	null	/Users/nima/Developer/NullAwayFixer/Projects/litiengine/src/de/gurkenlabs/litiengine/environment/tilemap/xml/TmxMap.java	staggerindex
METHOD	de.gurkenlabs.litiengine.environment.tilemap.xml.TmxMap	getRenderLayers()	null	null	/Users/nima/Developer/NullAwayFixer/Projects/litiengine/src/de/gurkenlabs/litiengine/environment/tilemap/xml/TmxMap.java	layers
METHOD	de.gurkenlabs.litiengine.environment.tilemap.xml.TmxMap	afterUnmarshal(javax.xml.bind.Unmarshaller,java.lang.Object)	null	null	/Users/nima/Developer/NullAwayFixer/Projects/litiengine/src/de/gurkenlabs/litiengine/environment/tilemap/xml/TmxMap.java	mapOrientation
METHOD	de.gurkenlabs.litiengine.environment.tilemap.xml.TmxMap	afterUnmarshal(javax.xml.bind.Unmarshaller,java.lang.Object)	null	null	/Users/nima/Developer/NullAwayFixer/Projects/litiengine/src/de/gurkenlabs/litiengine/environment/tilemap/xml/TmxMap.java	mapOrientation
METHOD	de.gurkenlabs.litiengine.environment.tilemap.xml.TmxMap	afterUnmarshal(javax.xml.bind.Unmarshaller,java.lang.Object)	null	null	/Users/nima/Developer/NullAwayFixer/Projects/litiengine/src/de/gurkenlabs/litiengine/environment/tilemap/xml/TmxMap.java	tilesets
METHOD	de.gurkenlabs.litiengine.environment.tilemap.xml.TmxMap	afterUnmarshal(javax.xml.bind.Unmarshaller,java.lang.Object)	null	null	/Users/nima/Developer/NullAwayFixer/Projects/litiengine/src/de/gurkenlabs/litiengine/environment/tilemap/xml/TmxMap.java	layers
METHOD	de.gurkenlabs.litiengine.environment.tilemap.xml.TmxMap	beforeMarshal(javax.xml.bind.Marshaller)	null	null	/Users/nima/Developer/NullAwayFixer/Projects/litiengine/src/de/gurkenlabs/litiengine/environment/tilemap/xml/TmxMap.java	orientation
METHOD	de.gurkenlabs.litiengine.environment.tilemap.xml.Tileset	setName(java.lang.String)	null	null	/Users/nima/Developer/NullAwayFixer/Projects/litiengine/src/de/gurkenlabs/litiengine/environment/tilemap/xml/Tileset.java	name
METHOD	de.gurkenlabs.litiengine.environment.tilemap.xml.Tileset	getSpritesheet()	null	null	/Users/nima/Developer/NullAwayFixer/Projects/litiengine/src/de/gurkenlabs/litiengine/environment/tilemap/xml/Tileset.java	spriteSheet
METHOD	de.gurkenlabs.litiengine.environment.tilemap.xml.Tileset	getSpritesheet()	null	null	/Users/nima/Developer/NullAwayFixer/Projects/litiengine/src/de/gurkenlabs/litiengine/environment/tilemap/xml/Tileset.java	spriteSheet
METHOD	de.gurkenlabs.litiengine.environment.tilemap.xml.MapImage	setTransparentColor(java.awt.Color)	null	null	/Users/nima/Developer/NullAwayFixer/Projects/litiengine/src/de/gurkenlabs/litiengine/environment/tilemap/xml/MapImage.java	transparentcolor
METHOD	de.gurkenlabs.litiengine.environment.tilemap.xml.MapImage	setSource(java.lang.String)	null	null	/Users/nima/Developer/NullAwayFixer/Projects/litiengine/src/de/gurkenlabs/litiengine/environment/tilemap/xml/MapImage.java	source
METHOD	de.gurkenlabs.litiengine.environment.tilemap.xml.MapImage	finish(java.net.URL)	null	null	/Users/nima/Developer/NullAwayFixer/Projects/litiengine/src/de/gurkenlabs/litiengine/environment/tilemap/xml/MapImage.java	absolutePath
METHOD	de.gurkenlabs.litiengine.environment.tilemap.xml.MapImage	setAbsoluteSourcePath(java.net.URL)	null	null	/Users/nima/Developer/NullAwayFixer/Projects/litiengine/src/de/gurkenlabs/litiengine/environment/tilemap/xml/MapImage.java	absolutePath
METHOD	de.gurkenlabs.litiengine.environment.tilemap.xml.TilesetEntry	setTerrains(de.gurkenlabs.litiengine.environment.tilemap.ITerrain[])	null	null	/Users/nima/Developer/NullAwayFixer/Projects/litiengine/src/de/gurkenlabs/litiengine/environment/tilemap/xml/TilesetEntry.java	terrains
METHOD	de.gurkenlabs.litiengine.environment.tilemap.xml.TilesetEntry	afterUnmarshal(javax.xml.bind.Unmarshaller,java.lang.Object)	null	null	/Users/nima/Developer/NullAwayFixer/Projects/litiengine/src/de/gurkenlabs/litiengine/environment/tilemap/xml/TilesetEntry.java	tileset
METHOD	de.gurkenlabs.litiengine.abilities.effects.Effect	setTargetPriorityComparator(de.gurkenlabs.litiengine.entities.RelativeEntityComparator)	null	null	/Users/nima/Developer/NullAwayFixer/Projects/litiengine/src/de/gurkenlabs/litiengine/abilities/effects/Effect.java	targetPriorityComparator
METHOD	de.gurkenlabs.litiengine.attributes.RangeAttribute	modifyMaxBaseValue(de.gurkenlabs.litiengine.attributes.AttributeModifier<T>)	null	null	/Users/nima/Developer/NullAwayFixer/Projects/litiengine/src/de/gurkenlabs/litiengine/attributes/RangeAttribute.java	maxBaseValue
METHOD	de.gurkenlabs.litiengine.attributes.RangeAttribute	setMaxBaseValue(T)	null	null	/Users/nima/Developer/NullAwayFixer/Projects/litiengine/src/de/gurkenlabs/litiengine/attributes/RangeAttribute.java	maxBaseValue
METHOD	de.gurkenlabs.litiengine.attributes.RangeAttribute	setMinBaseValue(T)	null	null	/Users/nima/Developer/NullAwayFixer/Projects/litiengine/src/de/gurkenlabs/litiengine/attributes/RangeAttribute.java	minBaseValue
METHOD	de.gurkenlabs.litiengine.abilities.Ability	setName(java.lang.String)	null	null	/Users/nima/Developer/NullAwayFixer/Projects/litiengine/src/de/gurkenlabs/litiengine/abilities/Ability.java	name
METHOD	de.gurkenlabs.litiengine.abilities.Ability	setDescription(java.lang.String)	null	null	/Users/nima/Developer/NullAwayFixer/Projects/litiengine/src/de/gurkenlabs/litiengine/abilities/Ability.java	description
METHOD	de.gurkenlabs.litiengine.abilities.Ability	setCastType(de.gurkenlabs.litiengine.abilities.CastType)	null	null	/Users/nima/Developer/NullAwayFixer/Projects/litiengine/src/de/gurkenlabs/litiengine/abilities/Ability.java	castType
METHOD	de.gurkenlabs.litiengine.abilities.Ability	setCurrentExecution(de.gurkenlabs.litiengine.abilities.AbilityExecution)	null	null	/Users/nima/Developer/NullAwayFixer/Projects/litiengine/src/de/gurkenlabs/litiengine/abilities/Ability.java	currentExecution
METHOD	de.gurkenlabs.litiengine.entities.RelativeEntityComparator	setRelativeEntity(de.gurkenlabs.litiengine.entities.IEntity)	null	null	/Users/nima/Developer/NullAwayFixer/Projects/litiengine/src/de/gurkenlabs/litiengine/entities/RelativeEntityComparator.java	relativeEntity
METHOD	de.gurkenlabs.litiengine.graphics.emitters.particles.Particle	setCollisionType(de.gurkenlabs.litiengine.physics.Collision)	null	null	/Users/nima/Developer/NullAwayFixer/Projects/litiengine/src/de/gurkenlabs/litiengine/graphics/emitters/particles/Particle.java	collisionType
METHOD	de.gurkenlabs.litiengine.graphics.emitters.particles.Particle	setCustomRenderType(de.gurkenlabs.litiengine.graphics.RenderType)	null	null	/Users/nima/Developer/NullAwayFixer/Projects/litiengine/src/de/gurkenlabs/litiengine/graphics/emitters/particles/Particle.java	customRenderType
METHOD	de.gurkenlabs.litiengine.graphics.emitters.particles.Particle	update(java.awt.geom.Point2D,float)	null	null	/Users/nima/Developer/NullAwayFixer/Projects/litiengine/src/de/gurkenlabs/litiengine/graphics/emitters/particles/Particle.java	aliveTick
METHOD	de.gurkenlabs.litiengine.graphics.emitters.xml.EmitterData	setCollisionType(de.gurkenlabs.litiengine.physics.Collision)	null	null	/Users/nima/Developer/NullAwayFixer/Projects/litiengine/src/de/gurkenlabs/litiengine/graphics/emitters/xml/EmitterData.java	collisionType
METHOD	de.gurkenlabs.litiengine.graphics.emitters.xml.EmitterData	setRequiredQuality(de.gurkenlabs.litiengine.configuration.Quality)	null	null	/Users/nima/Developer/NullAwayFixer/Projects/litiengine/src/de/gurkenlabs/litiengine/graphics/emitters/xml/EmitterData.java	requiredQuality
METHOD	de.gurkenlabs.litiengine.graphics.emitters.xml.EmitterData	setColor(java.awt.Color)	null	null	/Users/nima/Developer/NullAwayFixer/Projects/litiengine/src/de/gurkenlabs/litiengine/graphics/emitters/xml/EmitterData.java	colors
METHOD	de.gurkenlabs.litiengine.graphics.emitters.xml.EmitterData	setColors(java.util.List<java.lang.String>)	null	null	/Users/nima/Developer/NullAwayFixer/Projects/litiengine/src/de/gurkenlabs/litiengine/graphics/emitters/xml/EmitterData.java	colors
METHOD	de.gurkenlabs.litiengine.graphics.emitters.xml.EmitterData	setColors(java.awt.Color...)	null	null	/Users/nima/Developer/NullAwayFixer/Projects/litiengine/src/de/gurkenlabs/litiengine/graphics/emitters/xml/EmitterData.java	colors
METHOD	de.gurkenlabs.litiengine.graphics.emitters.xml.EmitterData	setDeltaHeight(de.gurkenlabs.litiengine.graphics.emitters.xml.ParticleParameter)	null	null	/Users/nima/Developer/NullAwayFixer/Projects/litiengine/src/de/gurkenlabs/litiengine/graphics/emitters/xml/EmitterData.java	deltaHeight
METHOD	de.gurkenlabs.litiengine.graphics.emitters.xml.EmitterData	setDeltaWidth(de.gurkenlabs.litiengine.graphics.emitters.xml.ParticleParameter)	null	null	/Users/nima/Developer/NullAwayFixer/Projects/litiengine/src/de/gurkenlabs/litiengine/graphics/emitters/xml/EmitterData.java	deltaWidth
METHOD	de.gurkenlabs.litiengine.graphics.emitters.xml.EmitterData	initDefaults()	null	null	/Users/nima/Developer/NullAwayFixer/Projects/litiengine/src/de/gurkenlabs/litiengine/graphics/emitters/xml/EmitterData.java	name
METHOD	de.gurkenlabs.litiengine.graphics.emitters.xml.EmitterData	initDefaults()	null	null	/Users/nima/Developer/NullAwayFixer/Projects/litiengine/src/de/gurkenlabs/litiengine/graphics/emitters/xml/EmitterData.java	spritesheet
METHOD	de.gurkenlabs.litiengine.graphics.emitters.xml.EmitterData	setAngle(de.gurkenlabs.litiengine.graphics.emitters.xml.ParticleParameter)	null	null	/Users/nima/Developer/NullAwayFixer/Projects/litiengine/src/de/gurkenlabs/litiengine/graphics/emitters/xml/EmitterData.java	angle
METHOD	de.gurkenlabs.litiengine.graphics.emitters.xml.EmitterData	setDeltaRotation(de.gurkenlabs.litiengine.graphics.emitters.xml.ParticleParameter)	null	null	/Users/nima/Developer/NullAwayFixer/Projects/litiengine/src/de/gurkenlabs/litiengine/graphics/emitters/xml/EmitterData.java	deltaAngle
METHOD	de.gurkenlabs.litiengine.graphics.emitters.xml.EmitterData	setVelocityX(de.gurkenlabs.litiengine.graphics.emitters.xml.ParticleParameter)	null	null	/Users/nima/Developer/NullAwayFixer/Projects/litiengine/src/de/gurkenlabs/litiengine/graphics/emitters/xml/EmitterData.java	velocityX
METHOD	de.gurkenlabs.litiengine.graphics.emitters.xml.EmitterData	setVelocityY(de.gurkenlabs.litiengine.graphics.emitters.xml.ParticleParameter)	null	null	/Users/nima/Developer/NullAwayFixer/Projects/litiengine/src/de/gurkenlabs/litiengine/graphics/emitters/xml/EmitterData.java	velocityY
METHOD	de.gurkenlabs.litiengine.graphics.emitters.xml.EmitterData	setAccelerationX(de.gurkenlabs.litiengine.graphics.emitters.xml.ParticleParameter)	null	null	/Users/nima/Developer/NullAwayFixer/Projects/litiengine/src/de/gurkenlabs/litiengine/graphics/emitters/xml/EmitterData.java	accelerationX
METHOD	de.gurkenlabs.litiengine.graphics.emitters.xml.EmitterData	setAccelerationY(de.gurkenlabs.litiengine.graphics.emitters.xml.ParticleParameter)	null	null	/Users/nima/Developer/NullAwayFixer/Projects/litiengine/src/de/gurkenlabs/litiengine/graphics/emitters/xml/EmitterData.java	accelerationY
METHOD	de.gurkenlabs.litiengine.graphics.emitters.xml.EmitterData	setName(java.lang.String)	null	null	/Users/nima/Developer/NullAwayFixer/Projects/litiengine/src/de/gurkenlabs/litiengine/graphics/emitters/xml/EmitterData.java	name
METHOD	de.gurkenlabs.litiengine.graphics.emitters.xml.EmitterData	setOriginAlign(de.gurkenlabs.litiengine.Align)	null	null	/Users/nima/Developer/NullAwayFixer/Projects/litiengine/src/de/gurkenlabs/litiengine/graphics/emitters/xml/EmitterData.java	originAlign
METHOD	de.gurkenlabs.litiengine.graphics.emitters.xml.EmitterData	setOriginValign(de.gurkenlabs.litiengine.Valign)	null	null	/Users/nima/Developer/NullAwayFixer/Projects/litiengine/src/de/gurkenlabs/litiengine/graphics/emitters/xml/EmitterData.java	originValign
METHOD	de.gurkenlabs.litiengine.graphics.emitters.xml.EmitterData	setParticleHeight(de.gurkenlabs.litiengine.graphics.emitters.xml.ParticleParameter)	null	null	/Users/nima/Developer/NullAwayFixer/Projects/litiengine/src/de/gurkenlabs/litiengine/graphics/emitters/xml/EmitterData.java	particleHeight
METHOD	de.gurkenlabs.litiengine.graphics.emitters.xml.EmitterData	setParticleTTL(de.gurkenlabs.litiengine.graphics.emitters.xml.ParticleParameter)	null	null	/Users/nima/Developer/NullAwayFixer/Projects/litiengine/src/de/gurkenlabs/litiengine/graphics/emitters/xml/EmitterData.java	particleTTL
METHOD	de.gurkenlabs.litiengine.graphics.emitters.xml.EmitterData	setParticleType(de.gurkenlabs.litiengine.graphics.emitters.particles.ParticleType)	null	null	/Users/nima/Developer/NullAwayFixer/Projects/litiengine/src/de/gurkenlabs/litiengine/graphics/emitters/xml/EmitterData.java	particleType
METHOD	de.gurkenlabs.litiengine.graphics.emitters.xml.EmitterData	setParticleWidth(de.gurkenlabs.litiengine.graphics.emitters.xml.ParticleParameter)	null	null	/Users/nima/Developer/NullAwayFixer/Projects/litiengine/src/de/gurkenlabs/litiengine/graphics/emitters/xml/EmitterData.java	particleWidth
METHOD	de.gurkenlabs.litiengine.graphics.emitters.xml.EmitterData	setParticleOffsetX(de.gurkenlabs.litiengine.graphics.emitters.xml.ParticleParameter)	null	null	/Users/nima/Developer/NullAwayFixer/Projects/litiengine/src/de/gurkenlabs/litiengine/graphics/emitters/xml/EmitterData.java	offsetX
METHOD	de.gurkenlabs.litiengine.graphics.emitters.xml.EmitterData	setParticleOffsetY(de.gurkenlabs.litiengine.graphics.emitters.xml.ParticleParameter)	null	null	/Users/nima/Developer/NullAwayFixer/Projects/litiengine/src/de/gurkenlabs/litiengine/graphics/emitters/xml/EmitterData.java	offsetY
METHOD	de.gurkenlabs.litiengine.graphics.emitters.xml.EmitterData	setSpritesheet(java.lang.String)	null	null	/Users/nima/Developer/NullAwayFixer/Projects/litiengine/src/de/gurkenlabs/litiengine/graphics/emitters/xml/EmitterData.java	spritesheet
METHOD	de.gurkenlabs.litiengine.graphics.emitters.xml.EmitterData	setSpritesheet(de.gurkenlabs.litiengine.graphics.Spritesheet)	null	null	/Users/nima/Developer/NullAwayFixer/Projects/litiengine/src/de/gurkenlabs/litiengine/graphics/emitters/xml/EmitterData.java	spritesheet
METHOD	de.gurkenlabs.litiengine.graphics.emitters.xml.EmitterData	setText(java.lang.String)	null	null	/Users/nima/Developer/NullAwayFixer/Projects/litiengine/src/de/gurkenlabs/litiengine/graphics/emitters/xml/EmitterData.java	texts
METHOD	de.gurkenlabs.litiengine.graphics.emitters.xml.EmitterData	setTexts(java.util.List<java.lang.String>)	null	null	/Users/nima/Developer/NullAwayFixer/Projects/litiengine/src/de/gurkenlabs/litiengine/graphics/emitters/xml/EmitterData.java	texts
METHOD	de.gurkenlabs.litiengine.entities.EntityControllers	getAnimationController()	null	null	/Users/nima/Developer/NullAwayFixer/Projects/litiengine/src/de/gurkenlabs/litiengine/entities/EntityControllers.java	animationController
METHOD	de.gurkenlabs.litiengine.graphics.animation.Animation	getSpritesheet()	null	null	/Users/nima/Developer/NullAwayFixer/Projects/litiengine/src/de/gurkenlabs/litiengine/graphics/animation/Animation.java	spritesheet
METHOD	de.gurkenlabs.litiengine.graphics.animation.Animation	restart()	null	null	/Users/nima/Developer/NullAwayFixer/Projects/litiengine/src/de/gurkenlabs/litiengine/graphics/animation/Animation.java	currentFrame
METHOD	de.gurkenlabs.litiengine.graphics.ImageEffect	setName(java.lang.String)	null	null	/Users/nima/Developer/NullAwayFixer/Projects/litiengine/src/de/gurkenlabs/litiengine/graphics/ImageEffect.java	name
METHOD	de.gurkenlabs.litiengine.tweening.Tween	ease(de.gurkenlabs.litiengine.tweening.TweenEquation)	null	null	/Users/nima/Developer/NullAwayFixer/Projects/litiengine/src/de/gurkenlabs/litiengine/tweening/Tween.java	equation
METHOD	de.gurkenlabs.litiengine.tweening.Tween	ease(de.gurkenlabs.litiengine.tweening.TweenFunction)	null	null	/Users/nima/Developer/NullAwayFixer/Projects/litiengine/src/de/gurkenlabs/litiengine/tweening/Tween.java	equation
METHOD	de.gurkenlabs.litiengine.resources.ResourceBundle	beforeMarshal(javax.xml.bind.Marshaller)	null	null	/Users/nima/Developer/NullAwayFixer/Projects/litiengine/src/de/gurkenlabs/litiengine/resources/ResourceBundle.java	spriteSheets
METHOD	de.gurkenlabs.litiengine.resources.ResourceBundle	beforeMarshal(javax.xml.bind.Marshaller)	null	null	/Users/nima/Developer/NullAwayFixer/Projects/litiengine/src/de/gurkenlabs/litiengine/resources/ResourceBundle.java	tilesets
METHOD	de.gurkenlabs.litiengine.resources.ResourceBundle	beforeMarshal(javax.xml.bind.Marshaller)	null	null	/Users/nima/Developer/NullAwayFixer/Projects/litiengine/src/de/gurkenlabs/litiengine/resources/ResourceBundle.java	version
METHOD	de.gurkenlabs.litiengine.resources.SpritesheetResource	setImage(java.lang.String)	null	null	/Users/nima/Developer/NullAwayFixer/Projects/litiengine/src/de/gurkenlabs/litiengine/resources/SpritesheetResource.java	image
METHOD	de.gurkenlabs.litiengine.resources.SpritesheetResource	setImageFormat(de.gurkenlabs.litiengine.resources.ImageFormat)	null	null	/Users/nima/Developer/NullAwayFixer/Projects/litiengine/src/de/gurkenlabs/litiengine/resources/SpritesheetResource.java	imageformat
METHOD	de.gurkenlabs.litiengine.resources.SpritesheetResource	setKeyframes(int[])	null	null	/Users/nima/Developer/NullAwayFixer/Projects/litiengine/src/de/gurkenlabs/litiengine/resources/SpritesheetResource.java	keyframes
METHOD	de.gurkenlabs.litiengine.resources.NamedResource	setName(java.lang.String)	null	null	/Users/nima/Developer/NullAwayFixer/Projects/litiengine/src/de/gurkenlabs/litiengine/resources/NamedResource.java	name
METHOD	de.gurkenlabs.litiengine.resources.SoundResource	setData(java.lang.String)	null	null	/Users/nima/Developer/NullAwayFixer/Projects/litiengine/src/de/gurkenlabs/litiengine/resources/SoundResource.java	data
METHOD	de.gurkenlabs.litiengine.resources.SoundResource	setFormat(de.gurkenlabs.litiengine.resources.SoundFormat)	null	null	/Users/nima/Developer/NullAwayFixer/Projects/litiengine/src/de/gurkenlabs/litiengine/resources/SoundResource.java	format
METHOD	de.gurkenlabs.litiengine.resources.Strings	setEncoding(java.nio.charset.Charset)	null	null	/Users/nima/Developer/NullAwayFixer/Projects/litiengine/src/de/gurkenlabs/litiengine/resources/Strings.java	charset
METHOD	de.gurkenlabs.litiengine.resources.TextureAtlas	getSprites()	null	null	/Users/nima/Developer/NullAwayFixer/Projects/litiengine/src/de/gurkenlabs/litiengine/resources/TextureAtlas.java	sprites
METHOD	de.gurkenlabs.litiengine.resources.TextureAtlas	setImagePath(java.lang.String)	null	null	/Users/nima/Developer/NullAwayFixer/Projects/litiengine/src/de/gurkenlabs/litiengine/resources/TextureAtlas.java	rawImagePath
METHOD	de.gurkenlabs.litiengine.resources.TextureAtlas	setSprites(java.util.List<de.gurkenlabs.litiengine.resources.TextureAtlas.Sprite>)	null	null	/Users/nima/Developer/NullAwayFixer/Projects/litiengine/src/de/gurkenlabs/litiengine/resources/TextureAtlas.java	sprites
METHOD	de.gurkenlabs.litiengine.resources.TextureAtlas$Sprite	setName(java.lang.String)	null	null	/Users/nima/Developer/NullAwayFixer/Projects/litiengine/src/de/gurkenlabs/litiengine/resources/TextureAtlas.java	name
METHOD	de.gurkenlabs.litiengine.resources.TextureAtlas$Sprite	setRotated(boolean)	null	null	/Users/nima/Developer/NullAwayFixer/Projects/litiengine/src/de/gurkenlabs/litiengine/resources/TextureAtlas.java	rotated
METHOD	de.gurkenlabs.litiengine.sound.SoundEngine	setListenerLocationCallback(java.util.function.UnaryOperator<java.awt.geom.Point2D>)	null	null	/Users/nima/Developer/NullAwayFixer/Projects/litiengine/src/de/gurkenlabs/litiengine/sound/SoundEngine.java	listenerLocationCallback
METHOD	de.gurkenlabs.litiengine.sound.SoundEngine	start()	null	null	/Users/nima/Developer/NullAwayFixer/Projects/litiengine/src/de/gurkenlabs/litiengine/sound/SoundEngine.java	listenerLocation
METHOD	de.gurkenlabs.litiengine.sound.SoundEngine	update()	null	null	/Users/nima/Developer/NullAwayFixer/Projects/litiengine/src/de/gurkenlabs/litiengine/sound/SoundEngine.java	listenerLocation
METHOD	de.gurkenlabs.litiengine.physics.PhysicsEngine	setBounds(java.awt.geom.Rectangle2D)	null	null	/Users/nima/Developer/NullAwayFixer/Projects/litiengine/src/de/gurkenlabs/litiengine/physics/PhysicsEngine.java	environmentBounds
METHOD	de.gurkenlabs.litiengine.GameMetrics	setRenderColor(java.awt.Color)	null	null	/Users/nima/Developer/NullAwayFixer/Projects/litiengine/src/de/gurkenlabs/litiengine/GameMetrics.java	renderColor
METHOD	de.gurkenlabs.litiengine.GameInfo	setCompany(java.lang.String)	null	null	/Users/nima/Developer/NullAwayFixer/Projects/litiengine/src/de/gurkenlabs/litiengine/GameInfo.java	company
METHOD	de.gurkenlabs.litiengine.GameInfo	setDescription(java.lang.String)	null	null	/Users/nima/Developer/NullAwayFixer/Projects/litiengine/src/de/gurkenlabs/litiengine/GameInfo.java	description
METHOD	de.gurkenlabs.litiengine.GameInfo	setDevelopers(java.lang.String...)	null	null	/Users/nima/Developer/NullAwayFixer/Projects/litiengine/src/de/gurkenlabs/litiengine/GameInfo.java	developers
METHOD	de.gurkenlabs.litiengine.GameInfo	setName(java.lang.String)	null	null	/Users/nima/Developer/NullAwayFixer/Projects/litiengine/src/de/gurkenlabs/litiengine/GameInfo.java	name
METHOD	de.gurkenlabs.litiengine.GameInfo	setSubTitle(java.lang.String)	null	null	/Users/nima/Developer/NullAwayFixer/Projects/litiengine/src/de/gurkenlabs/litiengine/GameInfo.java	subtitle
METHOD	de.gurkenlabs.litiengine.GameInfo	setVersion(java.lang.String)	null	null	/Users/nima/Developer/NullAwayFixer/Projects/litiengine/src/de/gurkenlabs/litiengine/GameInfo.java	version
METHOD	de.gurkenlabs.litiengine.GameInfo	setWebsite(java.lang.String)	null	null	/Users/nima/Developer/NullAwayFixer/Projects/litiengine/src/de/gurkenlabs/litiengine/GameInfo.java	website
METHOD	de.gurkenlabs.litiengine.GameWindow	getLocationOnScreen()	null	null	/Users/nima/Developer/NullAwayFixer/Projects/litiengine/src/de/gurkenlabs/litiengine/GameWindow.java	screenLocation
METHOD	de.gurkenlabs.litiengine.GameWindow	init()	null	null	/Users/nima/Developer/NullAwayFixer/Projects/litiengine/src/de/gurkenlabs/litiengine/GameWindow.java	resolution
METHOD	de.gurkenlabs.litiengine.GameWindow	init()	null	null	/Users/nima/Developer/NullAwayFixer/Projects/litiengine/src/de/gurkenlabs/litiengine/GameWindow.java	resolution
METHOD	de.gurkenlabs.litiengine.environment.GameWorld	loadEnvironment(de.gurkenlabs.litiengine.environment.Environment)	null	null	/Users/nima/Developer/NullAwayFixer/Projects/litiengine/src/de/gurkenlabs/litiengine/environment/GameWorld.java	environment
METHOD	de.gurkenlabs.litiengine.environment.GameWorld	setCamera(de.gurkenlabs.litiengine.graphics.ICamera)	null	null	/Users/nima/Developer/NullAwayFixer/Projects/litiengine/src/de/gurkenlabs/litiengine/environment/GameWorld.java	camera
METHOD	de.gurkenlabs.litiengine.graphics.RenderComponent	init()	null	null	/Users/nima/Developer/NullAwayFixer/Projects/litiengine/src/de/gurkenlabs/litiengine/graphics/RenderComponent.java	currentBufferStrategy
METHOD	de.gurkenlabs.litiengine.graphics.RenderComponent	handleFade()	null	null	/Users/nima/Developer/NullAwayFixer/Projects/litiengine/src/de/gurkenlabs/litiengine/graphics/RenderComponent.java	fadeOutStart
METHOD	de.gurkenlabs.litiengine.graphics.MouseCursor	set(java.awt.Image,int,int)	null	null	/Users/nima/Developer/NullAwayFixer/Projects/litiengine/src/de/gurkenlabs/litiengine/graphics/MouseCursor.java	image
METHOD	de.gurkenlabs.litiengine.graphics.MouseCursor	setTransform(java.awt.geom.AffineTransform)	null	null	/Users/nima/Developer/NullAwayFixer/Projects/litiengine/src/de/gurkenlabs/litiengine/graphics/MouseCursor.java	transform
METHOD	de.gurkenlabs.litiengine.gui.GuiComponent	setFont(java.awt.Font)	null	null	/Users/nima/Developer/NullAwayFixer/Projects/litiengine/src/de/gurkenlabs/litiengine/gui/GuiComponent.java	font
METHOD	de.gurkenlabs.litiengine.gui.GuiComponent	setFontSize(float)	null	null	/Users/nima/Developer/NullAwayFixer/Projects/litiengine/src/de/gurkenlabs/litiengine/gui/GuiComponent.java	font
METHOD	de.gurkenlabs.litiengine.gui.GuiComponent	setHoverSound(de.gurkenlabs.litiengine.sound.Sound)	null	null	/Users/nima/Developer/NullAwayFixer/Projects/litiengine/src/de/gurkenlabs/litiengine/gui/GuiComponent.java	hoverSound
METHOD	de.gurkenlabs.litiengine.gui.GuiComponent	setName(java.lang.String)	null	null	/Users/nima/Developer/NullAwayFixer/Projects/litiengine/src/de/gurkenlabs/litiengine/gui/GuiComponent.java	name
METHOD	de.gurkenlabs.litiengine.gui.GuiComponent	setTag(java.lang.Object)	null	null	/Users/nima/Developer/NullAwayFixer/Projects/litiengine/src/de/gurkenlabs/litiengine/gui/GuiComponent.java	tag
METHOD	de.gurkenlabs.litiengine.gui.GuiComponent	setText(java.lang.String)	null	null	/Users/nima/Developer/NullAwayFixer/Projects/litiengine/src/de/gurkenlabs/litiengine/gui/GuiComponent.java	text
METHOD	de.gurkenlabs.litiengine.gui.GuiComponent	setTextAlign(de.gurkenlabs.litiengine.Align)	null	null	/Users/nima/Developer/NullAwayFixer/Projects/litiengine/src/de/gurkenlabs/litiengine/gui/GuiComponent.java	textAlign
METHOD	de.gurkenlabs.litiengine.gui.GuiComponent	setTextValign(de.gurkenlabs.litiengine.Valign)	null	null	/Users/nima/Developer/NullAwayFixer/Projects/litiengine/src/de/gurkenlabs/litiengine/gui/GuiComponent.java	textValign
METHOD	de.gurkenlabs.litiengine.gui.GuiComponent	setTextShadowColor(java.awt.Color)	null	null	/Users/nima/Developer/NullAwayFixer/Projects/litiengine/src/de/gurkenlabs/litiengine/gui/GuiComponent.java	textShadowColor
METHOD	de.gurkenlabs.litiengine.gui.Appearance	setForeColor(java.awt.Color)	null	null	/Users/nima/Developer/NullAwayFixer/Projects/litiengine/src/de/gurkenlabs/litiengine/gui/Appearance.java	foreColor
METHOD	de.gurkenlabs.litiengine.gui.Appearance	setBackgroundColor1(java.awt.Color)	null	null	/Users/nima/Developer/NullAwayFixer/Projects/litiengine/src/de/gurkenlabs/litiengine/gui/Appearance.java	backgroundColor1
METHOD	de.gurkenlabs.litiengine.gui.Appearance	setBackgroundColor2(java.awt.Color)	null	null	/Users/nima/Developer/NullAwayFixer/Projects/litiengine/src/de/gurkenlabs/litiengine/gui/Appearance.java	backgroundColor2
METHOD	de.gurkenlabs.litiengine.gui.Appearance	setBorderColor(java.awt.Color)	null	null	/Users/nima/Developer/NullAwayFixer/Projects/litiengine/src/de/gurkenlabs/litiengine/gui/Appearance.java	borderColor
METHOD	de.gurkenlabs.litiengine.gui.Appearance	setBorderStyle(java.awt.Stroke)	null	null	/Users/nima/Developer/NullAwayFixer/Projects/litiengine/src/de/gurkenlabs/litiengine/gui/Appearance.java	borderStyle
METHOD	de.gurkenlabs.litiengine.gui.SpeechBubbleAppearance	setBorderColor(java.awt.Color)	null	null	/Users/nima/Developer/NullAwayFixer/Projects/litiengine/src/de/gurkenlabs/litiengine/gui/SpeechBubbleAppearance.java	borderColor
METHOD	de.gurkenlabs.litiengine.gui.MouseDrawComponent	setDrawingColor(java.awt.Color)	null	null	/Users/nima/Developer/NullAwayFixer/Projects/litiengine/src/de/gurkenlabs/litiengine/gui/MouseDrawComponent.java	drawingColor
METHOD	de.gurkenlabs.litiengine.gui.ImageComponent	setImage(java.awt.Image)	null	null	/Users/nima/Developer/NullAwayFixer/Projects/litiengine/src/de/gurkenlabs/litiengine/gui/ImageComponent.java	baseImage
METHOD	de.gurkenlabs.litiengine.gui.ImageComponent	setImageScaleMode(de.gurkenlabs.litiengine.gui.ImageScaleMode)	null	null	/Users/nima/Developer/NullAwayFixer/Projects/litiengine/src/de/gurkenlabs/litiengine/gui/ImageComponent.java	imageScaleMode
METHOD	de.gurkenlabs.litiengine.gui.ImageComponent	setSpriteSheet(de.gurkenlabs.litiengine.graphics.Spritesheet)	null	null	/Users/nima/Developer/NullAwayFixer/Projects/litiengine/src/de/gurkenlabs/litiengine/gui/ImageComponent.java	spritesheet
METHOD	de.gurkenlabs.litiengine.gui.ImageComponent	setImageAlign(de.gurkenlabs.litiengine.Align)	null	null	/Users/nima/Developer/NullAwayFixer/Projects/litiengine/src/de/gurkenlabs/litiengine/gui/ImageComponent.java	imageAlign
METHOD	de.gurkenlabs.litiengine.gui.ImageComponent	setImageValign(de.gurkenlabs.litiengine.Valign)	null	null	/Users/nima/Developer/NullAwayFixer/Projects/litiengine/src/de/gurkenlabs/litiengine/gui/ImageComponent.java	imageValign
METHOD	de.gurkenlabs.litiengine.gui.Slider	setButtonSpritesheet(de.gurkenlabs.litiengine.graphics.Spritesheet)	null	null	/Users/nima/Developer/NullAwayFixer/Projects/litiengine/src/de/gurkenlabs/litiengine/gui/Slider.java	buttonSprite
METHOD	de.gurkenlabs.litiengine.gui.Slider	setSliderSpritesheet(de.gurkenlabs.litiengine.graphics.Spritesheet)	null	null	/Users/nima/Developer/NullAwayFixer/Projects/litiengine/src/de/gurkenlabs/litiengine/gui/Slider.java	sliderSprite
METHOD	de.gurkenlabs.litiengine.gui.Slider	setButton1(de.gurkenlabs.litiengine.gui.ImageComponent)	null	null	/Users/nima/Developer/NullAwayFixer/Projects/litiengine/src/de/gurkenlabs/litiengine/gui/Slider.java	button1
METHOD	de.gurkenlabs.litiengine.gui.Slider	setButton2(de.gurkenlabs.litiengine.gui.ImageComponent)	null	null	/Users/nima/Developer/NullAwayFixer/Projects/litiengine/src/de/gurkenlabs/litiengine/gui/Slider.java	button2
METHOD	de.gurkenlabs.litiengine.gui.Slider	setSliderComponent(de.gurkenlabs.litiengine.gui.ImageComponent)	null	null	/Users/nima/Developer/NullAwayFixer/Projects/litiengine/src/de/gurkenlabs/litiengine/gui/Slider.java	sliderComponent
METHOD	de.gurkenlabs.litiengine.gui.TextFieldComponent	setFormat(java.lang.String)	null	null	/Users/nima/Developer/NullAwayFixer/Projects/litiengine/src/de/gurkenlabs/litiengine/gui/TextFieldComponent.java	format
METHOD	de.gurkenlabs.litiengine.gui.TextFieldComponent	setText(java.lang.String)	null	null	/Users/nima/Developer/NullAwayFixer/Projects/litiengine/src/de/gurkenlabs/litiengine/gui/TextFieldComponent.java	fullText
METHOD	de.gurkenlabs.litiengine.gui.ListField	refresh()	null	null	/Users/nima/Developer/NullAwayFixer/Projects/litiengine/src/de/gurkenlabs/litiengine/gui/ListField.java	selectedComponent
METHOD	de.gurkenlabs.litiengine.gui.ListField	refresh()	null	null	/Users/nima/Developer/NullAwayFixer/Projects/litiengine/src/de/gurkenlabs/litiengine/gui/ListField.java	selectedComponent
METHOD	de.gurkenlabs.litiengine.gui.ListField	setButtonSprite(de.gurkenlabs.litiengine.graphics.Spritesheet)	null	null	/Users/nima/Developer/NullAwayFixer/Projects/litiengine/src/de/gurkenlabs/litiengine/gui/ListField.java	buttonSprite
METHOD	de.gurkenlabs.litiengine.gui.ListField	setEntrySprite(de.gurkenlabs.litiengine.graphics.Spritesheet)	null	null	/Users/nima/Developer/NullAwayFixer/Projects/litiengine/src/de/gurkenlabs/litiengine/gui/ListField.java	entrySprite
METHOD	de.gurkenlabs.litiengine.gui.SpeechBubble	setFont(java.awt.Font)	null	null	/Users/nima/Developer/NullAwayFixer/Projects/litiengine/src/de/gurkenlabs/litiengine/gui/SpeechBubble.java	font
METHOD	de.gurkenlabs.litiengine.gui.SpeechBubble	createBubbleImage()	null	null	/Users/nima/Developer/NullAwayFixer/Projects/litiengine/src/de/gurkenlabs/litiengine/gui/SpeechBubble.java	bubble
METHOD	de.gurkenlabs.litiengine.gui.DropdownListField	prepare()	null	null	/Users/nima/Developer/NullAwayFixer/Projects/litiengine/src/de/gurkenlabs/litiengine/gui/DropdownListField.java	contentList
METHOD	de.gurkenlabs.litiengine.gui.DropdownListField	prepare()	null	null	/Users/nima/Developer/NullAwayFixer/Projects/litiengine/src/de/gurkenlabs/litiengine/gui/DropdownListField.java	chosenElementComponent
METHOD	de.gurkenlabs.litiengine.gui.DropdownListField	prepare()	null	null	/Users/nima/Developer/NullAwayFixer/Projects/litiengine/src/de/gurkenlabs/litiengine/gui/DropdownListField.java	dropDownButton
METHOD	de.gurkenlabs.litiengine.gui.DropdownListField	setButtonSprite(de.gurkenlabs.litiengine.graphics.Spritesheet)	null	null	/Users/nima/Developer/NullAwayFixer/Projects/litiengine/src/de/gurkenlabs/litiengine/gui/DropdownListField.java	buttonSprite
METHOD	de.gurkenlabs.litiengine.gui.DropdownListField	setEntrySprite(de.gurkenlabs.litiengine.graphics.Spritesheet)	null	null	/Users/nima/Developer/NullAwayFixer/Projects/litiengine/src/de/gurkenlabs/litiengine/gui/DropdownListField.java	entrySprite
METHOD	de.gurkenlabs.litiengine.gui.NumberAdjuster	setCurrentValue(java.math.BigDecimal)	null	null	/Users/nima/Developer/NullAwayFixer/Projects/litiengine/src/de/gurkenlabs/litiengine/gui/NumberAdjuster.java	currentValue
METHOD	de.gurkenlabs.litiengine.gui.NumberAdjuster	setCurrentValue(java.math.BigDecimal)	null	null	/Users/nima/Developer/NullAwayFixer/Projects/litiengine/src/de/gurkenlabs/litiengine/gui/NumberAdjuster.java	currentValue
METHOD	de.gurkenlabs.litiengine.gui.NumberAdjuster	setCurrentValue(java.math.BigDecimal)	null	null	/Users/nima/Developer/NullAwayFixer/Projects/litiengine/src/de/gurkenlabs/litiengine/gui/NumberAdjuster.java	currentValue
METHOD	de.gurkenlabs.litiengine.gui.NumberAdjuster	setLowerBound(java.math.BigDecimal)	null	null	/Users/nima/Developer/NullAwayFixer/Projects/litiengine/src/de/gurkenlabs/litiengine/gui/NumberAdjuster.java	lowerBound
METHOD	de.gurkenlabs.litiengine.gui.NumberAdjuster	setStepSize(java.math.BigDecimal)	null	null	/Users/nima/Developer/NullAwayFixer/Projects/litiengine/src/de/gurkenlabs/litiengine/gui/NumberAdjuster.java	step
METHOD	de.gurkenlabs.litiengine.gui.NumberAdjuster	setUpperBound(java.math.BigDecimal)	null	null	/Users/nima/Developer/NullAwayFixer/Projects/litiengine/src/de/gurkenlabs/litiengine/gui/NumberAdjuster.java	upperBound
METHOD	de.gurkenlabs.litiengine.environment.EntitySpawner	setSpawnMode(de.gurkenlabs.litiengine.environment.IEntitySpawner.SpawnMode)	null	null	/Users/nima/Developer/NullAwayFixer/Projects/litiengine/src/de/gurkenlabs/litiengine/environment/EntitySpawner.java	spawnMode
METHOD	de.gurkenlabs.litiengine.environment.tilemap.xml.CustomProperty	setValue(java.net.URL)	null	null	/Users/nima/Developer/NullAwayFixer/Projects/litiengine/src/de/gurkenlabs/litiengine/environment/tilemap/xml/CustomProperty.java	value
METHOD	de.gurkenlabs.litiengine.environment.tilemap.xml.CustomProperty	setValue(java.net.URL)	null	null	/Users/nima/Developer/NullAwayFixer/Projects/litiengine/src/de/gurkenlabs/litiengine/environment/tilemap/xml/CustomProperty.java	location
METHOD	de.gurkenlabs.litiengine.environment.tilemap.xml.CustomProperty	setValue(java.lang.String)	null	null	/Users/nima/Developer/NullAwayFixer/Projects/litiengine/src/de/gurkenlabs/litiengine/environment/tilemap/xml/CustomProperty.java	value
METHOD	de.gurkenlabs.litiengine.environment.tilemap.xml.CustomProperty	setValue(char)	null	null	/Users/nima/Developer/NullAwayFixer/Projects/litiengine/src/de/gurkenlabs/litiengine/environment/tilemap/xml/CustomProperty.java	value
METHOD	de.gurkenlabs.litiengine.environment.tilemap.xml.CustomProperty	setValue(java.lang.Enum<?>)	null	null	/Users/nima/Developer/NullAwayFixer/Projects/litiengine/src/de/gurkenlabs/litiengine/environment/tilemap/xml/CustomProperty.java	value
METHOD	de.gurkenlabs.litiengine.environment.tilemap.xml.CustomProperty	setValue(long)	null	null	/Users/nima/Developer/NullAwayFixer/Projects/litiengine/src/de/gurkenlabs/litiengine/environment/tilemap/xml/CustomProperty.java	value
METHOD	de.gurkenlabs.litiengine.environment.tilemap.xml.CustomProperty	setValue(double)	null	null	/Users/nima/Developer/NullAwayFixer/Projects/litiengine/src/de/gurkenlabs/litiengine/environment/tilemap/xml/CustomProperty.java	value
METHOD	de.gurkenlabs.litiengine.environment.tilemap.xml.CustomProperty	setValue(boolean)	null	null	/Users/nima/Developer/NullAwayFixer/Projects/litiengine/src/de/gurkenlabs/litiengine/environment/tilemap/xml/CustomProperty.java	value
METHOD	de.gurkenlabs.litiengine.environment.tilemap.xml.CustomProperty	setValue(java.awt.Color)	null	null	/Users/nima/Developer/NullAwayFixer/Projects/litiengine/src/de/gurkenlabs/litiengine/environment/tilemap/xml/CustomProperty.java	value
METHOD	de.gurkenlabs.litiengine.environment.tilemap.xml.CustomProperty	setType(java.lang.String)	null	null	/Users/nima/Developer/NullAwayFixer/Projects/litiengine/src/de/gurkenlabs/litiengine/environment/tilemap/xml/CustomProperty.java	type
METHOD	de.gurkenlabs.litiengine.environment.tilemap.xml.Tile	setTilesetEntry(de.gurkenlabs.litiengine.environment.tilemap.ITilesetEntry)	null	null	/Users/nima/Developer/NullAwayFixer/Projects/litiengine/src/de/gurkenlabs/litiengine/environment/tilemap/xml/Tile.java	tilesetEntry
METHOD	de.gurkenlabs.litiengine.environment.tilemap.xml.Tile	setGridId(int)	null	null	/Users/nima/Developer/NullAwayFixer/Projects/litiengine/src/de/gurkenlabs/litiengine/environment/tilemap/xml/Tile.java	gid
METHOD	de.gurkenlabs.litiengine.environment.tilemap.xml.Tile	setTileCoordinate(java.awt.Point)	null	null	/Users/nima/Developer/NullAwayFixer/Projects/litiengine/src/de/gurkenlabs/litiengine/environment/tilemap/xml/Tile.java	tileCoordinate
METHOD	de.gurkenlabs.litiengine.environment.tilemap.xml.CustomPropertyAdapter$Property	afterUnmarshal(javax.xml.bind.Unmarshaller,java.lang.Object)	null	null	/Users/nima/Developer/NullAwayFixer/Projects/litiengine/src/de/gurkenlabs/litiengine/environment/tilemap/xml/CustomPropertyAdapter.java	type
METHOD	de.gurkenlabs.litiengine.environment.tilemap.xml.TileData	setEncoding(java.lang.String)	null	null	/Users/nima/Developer/NullAwayFixer/Projects/litiengine/src/de/gurkenlabs/litiengine/environment/tilemap/xml/TileData.java	encoding
METHOD	de.gurkenlabs.litiengine.environment.tilemap.xml.TileData	setCompression(java.lang.String)	null	null	/Users/nima/Developer/NullAwayFixer/Projects/litiengine/src/de/gurkenlabs/litiengine/environment/tilemap/xml/TileData.java	compression
METHOD	de.gurkenlabs.litiengine.environment.tilemap.xml.TileData	setValue(java.lang.String)	null	null	/Users/nima/Developer/NullAwayFixer/Projects/litiengine/src/de/gurkenlabs/litiengine/environment/tilemap/xml/TileData.java	value
METHOD	de.gurkenlabs.litiengine.environment.tilemap.xml.TileData	setValue(java.lang.String)	null	null	/Users/nima/Developer/NullAwayFixer/Projects/litiengine/src/de/gurkenlabs/litiengine/environment/tilemap/xml/TileData.java	rawValue
METHOD	de.gurkenlabs.litiengine.environment.tilemap.xml.TileData	getTiles()	null	null	/Users/nima/Developer/NullAwayFixer/Projects/litiengine/src/de/gurkenlabs/litiengine/environment/tilemap/xml/TileData.java	tiles
METHOD	de.gurkenlabs.litiengine.environment.tilemap.xml.TileData	getTiles()	null	null	/Users/nima/Developer/NullAwayFixer/Projects/litiengine/src/de/gurkenlabs/litiengine/environment/tilemap/xml/TileData.java	tiles
METHOD	de.gurkenlabs.litiengine.environment.tilemap.xml.TileLayer	finish(java.net.URL)	null	null	/Users/nima/Developer/NullAwayFixer/Projects/litiengine/src/de/gurkenlabs/litiengine/environment/tilemap/xml/TileLayer.java	tileList
METHOD	de.gurkenlabs.litiengine.environment.tilemap.xml.TileLayer	finish(java.net.URL)	null	null	/Users/nima/Developer/NullAwayFixer/Projects/litiengine/src/de/gurkenlabs/litiengine/environment/tilemap/xml/TileLayer.java	tiles
METHOD	de.gurkenlabs.litiengine.graphics.Camera	setFocus(java.awt.geom.Point2D)	null	null	/Users/nima/Developer/NullAwayFixer/Projects/litiengine/src/de/gurkenlabs/litiengine/graphics/Camera.java	focus
METHOD	de.gurkenlabs.litiengine.graphics.Camera	setClampAlign(de.gurkenlabs.litiengine.Align,de.gurkenlabs.litiengine.Valign)	null	null	/Users/nima/Developer/NullAwayFixer/Projects/litiengine/src/de/gurkenlabs/litiengine/graphics/Camera.java	align
METHOD	de.gurkenlabs.litiengine.graphics.Camera	setClampAlign(de.gurkenlabs.litiengine.Align,de.gurkenlabs.litiengine.Valign)	null	null	/Users/nima/Developer/NullAwayFixer/Projects/litiengine/src/de/gurkenlabs/litiengine/graphics/Camera.java	valign
METHOD	de.gurkenlabs.litiengine.graphics.Camera	pan(java.awt.geom.Point2D,int)	null	null	/Users/nima/Developer/NullAwayFixer/Projects/litiengine/src/de/gurkenlabs/litiengine/graphics/Camera.java	targetFocus
METHOD	de.gurkenlabs.litiengine.graphics.animation.AnimationController	setAffineTransform(java.awt.geom.AffineTransform)	null	null	/Users/nima/Developer/NullAwayFixer/Projects/litiengine/src/de/gurkenlabs/litiengine/graphics/animation/AnimationController.java	affineTransform
METHOD	de.gurkenlabs.litiengine.graphics.animation.AnimationController	setDefault(de.gurkenlabs.litiengine.graphics.animation.Animation)	null	null	/Users/nima/Developer/NullAwayFixer/Projects/litiengine/src/de/gurkenlabs/litiengine/graphics/animation/AnimationController.java	defaultAnimation
METHOD	de.gurkenlabs.litiengine.graphics.animation.EntityAnimationController	setSpritePrefix(java.lang.String)	null	null	/Users/nima/Developer/NullAwayFixer/Projects/litiengine/src/de/gurkenlabs/litiengine/graphics/animation/EntityAnimationController.java	spritePrefix
METHOD	de.gurkenlabs.litiengine.graphics.animation.CreatureAnimationController	init(boolean)	null	null	/Users/nima/Developer/NullAwayFixer/Projects/litiengine/src/de/gurkenlabs/litiengine/graphics/animation/CreatureAnimationController.java	customDeathAnimations
METHOD	de.gurkenlabs.litiengine.graphics.animation.CreatureAnimationController	init(boolean)	null	null	/Users/nima/Developer/NullAwayFixer/Projects/litiengine/src/de/gurkenlabs/litiengine/graphics/animation/CreatureAnimationController.java	customDeathAnimations
METHOD	de.gurkenlabs.litiengine.graphics.emitters.particles.TextParticle	setFont(java.awt.Font)	null	null	/Users/nima/Developer/NullAwayFixer/Projects/litiengine/src/de/gurkenlabs/litiengine/graphics/emitters/particles/TextParticle.java	font
METHOD	de.gurkenlabs.litiengine.entities.behavior.StateMachine	setState(de.gurkenlabs.litiengine.entities.behavior.State)	null	null	/Users/nima/Developer/NullAwayFixer/Projects/litiengine/src/de/gurkenlabs/litiengine/entities/behavior/StateMachine.java	currentState
METHOD	de.gurkenlabs.litiengine.entities.behavior.StateMachine	update()	null	null	/Users/nima/Developer/NullAwayFixer/Projects/litiengine/src/de/gurkenlabs/litiengine/entities/behavior/StateMachine.java	currentState
METHOD	de.gurkenlabs.litiengine.entities.behavior.AStarNode	setPredecessor(de.gurkenlabs.litiengine.entities.behavior.AStarNode)	null	null	/Users/nima/Developer/NullAwayFixer/Projects/litiengine/src/de/gurkenlabs/litiengine/entities/behavior/AStarNode.java	predecessor
